{
    "tables": {
        "posts": {
            "tableName": "posts",
            "schema": {
                "id": {
                    "allowNull": false,
                    "primaryKey": true,
                    "autoIncrement": true,
                    "field": "id",
                    "seqType": "Sequelize.INTEGER"
                },
                "PostId": {
                    "field": "PostId",
                    "seqType": "Sequelize.INTEGER"
                },
                "PostTitle": {
                    "field": "PostTitle",
                    "seqType": "Sequelize.STRING"
                },
                "Description": {
                    "field": "Description",
                    "seqType": "Sequelize.STRING"
                },
                "Username": {
                    "field": "Username",
                    "seqType": "Sequelize.STRING"
                }
            },
            "indexes": []
        },
        "users": {
            "tableName": "users",
            "schema": {
                "UserId": {
                    "allowNull": false,
                    "autoIncrement": true,
                    "primaryKey": true,
                    "field": "UserId",
                    "seqType": "Sequelize.INTEGER"
                },
                "FirstName": {
                    "field": "FirstName",
                    "seqType": "Sequelize.STRING"
                },
                "LastName": {
                    "field": "LastName",
                    "seqType": "Sequelize.STRING"
                },
                "Email": {
                    "unique": true,
                    "field": "Email",
                    "seqType": "Sequelize.STRING"
                },
                "Username": {
                    "unique": true,
                    "field": "Username",
                    "seqType": "Sequelize.STRING"
                },
                "Password": {
                    "field": "Password",
                    "seqType": "Sequelize.STRING"
                },
                "Level": {
                    "field": "Level",
                    "seqType": "Sequelize.STRING"
                },
                "createdAt": {
                    "field": "createdAt",
                    "seqType": "Sequelize.DATE"
                },
                "updatedAt": {
                    "field": "updatedAt",
                    "seqType": "Sequelize.DATE"
                }
            },
            "indexes": []
        }
    },
    "revision": 5
}